epoch,train_loss,val_loss,val_f1,val_acc
1,0.2959847144006636,0.16890480475011446,0.9427428339113766,0.9428333333333333
2,0.13930323766486036,0.1616957965736271,0.9458955982462773,0.946
3,0.0940883413174539,0.17173631756123922,0.9470820117622061,0.9470555555555555
4,0.06350732264149854,0.1894227177142463,0.9466111924538197,0.9466666666666667
